Id,Weight,Name,Language
27494663,41,docker/machine,Go
203666,49,fog/fog,Ruby
8962829,234,jspm/jspm-cli,JavaScript
27193779,86,nodejs/io.js,JavaScript
26509369,86,coreos/rkt,Go
2948949,4,BroadleafCommerce/BroadleafCommerce,Java
25126616,3,dbcli/pgcli,Python
3319769,21,sass/libsass,C++
15171934,1,caskroom/homebrew-fonts,Ruby
11290232,7,flynn/flynn,Go
2081289,25,astropy/astropy,Python
28062827,7,gulpjs/gulp-cli,JavaScript
11589713,40,deis/deis,Python
17784299,2,brooklyncentral/clocker,JavaScript
9998516,4,fsouza/go-dockerclient,Go
777444,1,rhuss/jolokia,Java
611921,8,activeadmin/activeadmin,Ruby
24560307,82,6to5/babel,JavaScript
79352,2,mikel/mail,Ruby
2935735,32,adobe/brackets,JavaScript
9461481,29,docker/docker-registry,Python
25537901,1,tue-robotics/robot_skills,Python
4025121,5,getnikola/nikola,Python
10969551,13,cms-sw/cmssw,C++
1857825,4,s3tools/s3cmd,Python
11421378,13,flovan/headstart,JavaScript
8843683,1,nnnick/Chart.js,JavaScript
671825,18,Graylog2/graylog2-server,Java
7691631,83,docker/docker,Go
8711353,4,cms-sw/cmsdist,C++
206084,87,Homebrew/homebrew,Ruby
23584825,28,Workiva/karma-jspm,JavaScript
9530789,2,strongloop/loopback-workspace,JavaScript
9325315,19,strongloop/loopback,JavaScript
1801829,17,emberjs/ember.js,JavaScript
9207280,13,crosswalk-project/crosswalk,C++
11808187,2,rvagg/through2,JavaScript
588600,2,brianmario/mysql2,Ruby
11778024,7,mozilla/fxa-content-server,JavaScript
714074,7,pouchdb/pouchdb,JavaScript
3016562,10,emberjs/data,JavaScript
14159669,7,caskroom/homebrew-versions,Ruby
19294390,1,nikku/karma-browserify,JavaScript
21357099,1,dustinfarris/ember-django-adapter,JavaScript
9852918,2,TryGhost/Ghost,JavaScript
1009207,127,nu7hatch/gmail,Ruby
7876204,1,emberjs/ember-inspector,JavaScript
10707658,6,rom-rb/rom,Ruby
27022174,2,dockyard/ember-cli-i18n,JavaScript
8569918,2,gonum/matrix,Go
606956,5,bndtools/bnd,Java
28366058,21,docker/distribution,Go
5532320,63,Polymer/polymer,HTML
931039,9,substack/node-browserify,JavaScript
7786818,2,Zarel/Pokemon-Showdown-Client,JavaScript
17752746,2,lytics/ember-data-model-fragments,JavaScript
16219318,3,fog/fog-core,Ruby
22521888,2,losonczylab/sima,Python
238972,25,rspec/rspec-core,Ruby
13512328,2,coreos/fleet,Go
104937,3,calagator/calagator,Ruby
321278,60,npm/npm,JavaScript
8927771,2,thlorenz/es6ify,JavaScript
23096959,21,golang/go,Go
15601851,4,js-data/js-data-angular,JavaScript
11693039,3,everpeace/vagrant-mesos,Ruby
271714,8,wkhtmltopdf/wkhtmltopdf,C++
2351391,1,crowbar/barclamp-deployer,Ruby
108278,12,chef/chef,Ruby
2665618,17,inveniosoftware/invenio,Python
14981376,22,dogecoin/dogecoin,C++
2014929,4,scikit-image/scikit-image,Python
9403933,1,mapbox/mapnik-vector-tile,C++
10350614,4,ros-industrial/fanuc,C++
24835467,7,babel/babelify,JavaScript
3455070,2,swagger-api/swagger-js,JavaScript
5710178,2,bower/registry,JavaScript
843222,17,scikit-learn/scikit-learn,Python
9265294,2,lra/mackup,Python
1446467,11,pypa/pip,Python
11452644,6,18F/openopps-platform,JavaScript
137805,1,redis/redis-rb,Ruby
8271291,6,yegor256/rultor,Java
8262427,2,L2G/timezone-ii,Ruby
21546187,1,ember-cli/ember-cli-qunit,JavaScript
15838785,4,openworm/PyOpenWorm,Python
1129010,2,blueimp/jQuery-File-Upload,JavaScript
11796974,69,jspm/registry,JavaScript
3626679,3,MongoEngine/mongoengine,Python
6452529,10,rethinkdb/rethinkdb,C++
658518,34,ipython/ipython,Python
26399616,1,yuya-takeyama/dbyaml2md,Go
2893713,2,opscode/mixlib-shellout,Ruby
17152449,7,rwjblue/ember-qunit,JavaScript
26992831,1,jmoon018/PacVim,C++
19548750,9,neovim/python-client,Python
13739356,14,openhealthcare/elcid,Python
6182775,3,flask-restful/flask-restful,Python
28155823,6,rancher/ui,JavaScript
24336212,3,dpla/heidrun,Ruby
1090311,51,elastic/logstash,Ruby
729744,29,Graylog2/graylog2-web-interface,JavaScript
11167738,14,gulpjs/gulp,JavaScript
11617504,6,lxde/pcmanfm-qt,C++
43371,5,eventmachine/eventmachine,Ruby
10391073,13,edx/edx-platform,Python
5721837,1,gruntjs/grunt-contrib-cssmin,JavaScript
28669836,3,jmm/remapify,JavaScript
2067253,1,opentripplanner/OpenTripPlanner,Java
7099729,3,hapijs/good,JavaScript
5373551,3,libgdx/libgdx,Java
168370,15,jruby/jruby,Ruby
25042195,7,bloomberg/blpapi-http,TypeScript
1283503,8,request/request,JavaScript
589584,1,mustache/mustache.github.com,HTML
20460946,10,strongloop/strong-pm,JavaScript
19872239,5,npm/newww,JavaScript
14089735,35,ember-cli/ember-cli,JavaScript
12244838,1,dib-lab/khmer-protocols,Python
18533350,12,uProxy/uproxy,TypeScript
3447593,1,cnodejs/nodeclub,JavaScript
1402936,2,strongloop/fsevents,C++
1204412,2,TrinityCore/TrinityCore,C++
21779020,2,gaearon/react-hot-loader,JavaScript
8266573,11,slipstream/SlipStreamServer,Java
13384052,6,firedrakeproject/firedrake,Python
3557653,3,snarfed/granary,Python
27150322,5,swcarpentry/python-novice-inflammation,HTML
3308958,10,cyclus/cyclus,C++
20580498,84,kubernetes/kubernetes,Go
11412473,1,ankane/searchkick,Ruby
2751199,2,geoserver/geoserver,Java
5710341,10,bower/bower,JavaScript
2203645,27,CocoaPods/CocoaPods,Ruby
20929025,11,Microsoft/TypeScript,TypeScript
1787757,2,spmjs/spm,JavaScript
27196756,10,nodejs/iojs.org,JavaScript
1460385,5,scipy/scipy,Python
5048251,1,ppawel/openstreetmap-website,Ruby
8276387,5,OpenTreeOfLife/opentree,JavaScript
14204295,3,jcabi/jcabi-github,Java
28758778,1,Razzeee/script.trakt,Python
22369178,4,postcss/postcss-import,JavaScript
14225208,20,aspnet/DNX,C++
23810532,1,strongloop/loopback-gateway,JavaScript
3198415,3,openmicroscopy/ome-documentation,Python
6862780,7,divio/djangocms-text-ckeditor,HTML
9534760,2,fourseven/meteor-scss,JavaScript
28283593,9,letsencrypt/anvil,Go
26494782,1,AmpersandJS/examples,JavaScript
22873447,4,Qabel/qabel-core,Java
1632976,1,enthought/pyface,Python
24474126,19,ansible/ansible-modules-core,Python
17084864,1,meanjs/generator-meanjs,JavaScript
488514,3,bundler/bundler,Ruby
19354917,1,iStefo/ember-select-2,JavaScript
7804910,8,Polymer/docs,HTML
7961991,1,square/javapoet,Java
24400684,19,FAForever/client,Python
25841126,1,FAForever/server,Python
26715792,1,techhat/linguist,Ruby
4637221,8,powerline/powerline,Python
1287859,25,ceylon/ceylon-compiler,Java
24946152,2,fedora-infra/the-new-hotness,Python
28671602,3,mde/ejs,JavaScript
17620347,44,aspnet/Home,PowerShell
2055965,11,swagger-api/swagger-ui,JavaScript
299862,5,nltk/nltk,Python
3769702,5,translate/pootle,Python
23407526,1,ianmartorell/meteor-accounts-ui-bootstrap-3,JavaScript
17049596,1,cocos2d/cocos2d-js,C++
15337722,2,kadirahq/fast-render,JavaScript
1332134,1,remiprev/teamocil,Ruby
16665655,9,jtangelder/sass-loader,JavaScript
12256376,72,driftyco/ionic,JavaScript
26096505,1,sandraor/website,HTML
24664810,1,meteor-velocity/nightwatch-framework,JavaScript
25252102,2,diaspora/jsxc,JavaScript
12048721,2,SleepyTrousers/EnderIO,Java
15901046,3,jsxc/jsxc,JavaScript
14125254,3,hashicorp/consul,Go
8710734,3,elastic/elasticsearch-hadoop,Java
28834044,1,cloudvox/faraday,Ruby
17950592,3,js-cli/js-interpret,JavaScript
507,1,sferik/twitter,Ruby
1725199,7,github/linguist,Ruby
3631697,20,tsuru/tsuru,Go
17089728,3,syncthing/syncthing-android,Java
9528819,1,getlantern/www.getlantern.org,JavaScript
1254497,5,codemirror/CodeMirror,JavaScript
22187098,1,RReverser/acorn-jsx,JavaScript
695611,1,etianen/django-reversion,Python
19006435,1,meteor-useraccounts/core,JavaScript
10642675,4,ros-industrial/abb,C++
4423776,2,dmwm/CRABServer,Python
2006302,3,Slicer/Slicer,C++
2932773,5,camptocamp/c2cgeoportal,Python
24669372,16,Geoportail-Luxembourg/geoportailv3,JavaScript
1784628,3,rails/sprockets-rails,Ruby
1217614,4,xbmc/xbmc,C++
4007018,4,Katello/katello,Ruby
13753636,6,jhipster/generator-jhipster,JavaScript
7212432,2,MachineMuse/MachineMusePowersuits,Java
20004472,2,lxde/lxqt-admin,C++
5282596,4,SciTools/cartopy,Python
21388550,4,OCA/maintainer-quality-tools,Python
5216282,3,networkx/networkx-website,Python
10270250,9,facebook/react,JavaScript
15045751,26,docker/compose,Python
23487443,1,fog/fog-sakuracloud,Ruby
17327535,2,jekyll/jekyll-sitemap,Ruby
46939,1,django-debug-toolbar/django-debug-toolbar,Python
585285,2,gollum/gollum,JavaScript
16688238,11,UnifiedViews/Core,Java
18219900,6,rapid7/metasploit-credential,Ruby
27433386,5,tue-robotics/tue_robocup,Python
2293158,11,rapid7/metasploit-framework,Ruby
4262493,19,ilastik/ilastik,Python
52287,2,collectiveidea/delayed_job,Ruby
18453077,1,planetguy32/RemainInMotion,Java
734934,5,pugjs/jade,JavaScript
65252,5,jekyll/jekyll,Ruby
128476,2,bndtools/bndtools,Java
23206290,5,google/error-prone,Java
20260834,1,rock-core/gui-rock_widget_collection,C++
20260602,1,rock-core/gui-vizkit,Ruby
16630147,1,couchbase/couchbase-lite-java,Java
1390248,11,saltstack/salt,Python
380961,3,desandro/masonry,JavaScript
3662176,4,hpcugent/easybuild-framework,Python
641512,3,openstreetmap/openstreetmap-website,Ruby
9615328,1,gonum/blas,Go
911765,2,diaspora/diaspora,Ruby
12892263,2,noflo/noflo-ui,HTML
1284185,4,andrewrk/mineflayer,JavaScript
4723248,3,openlayers/ol3,JavaScript
12204593,1,pyfarm/pyfarm-core,Python
11667865,5,reactjs/react-rails,JavaScript
19614228,2,js-cli/js-v8flags,JavaScript
18065797,1,Textalk/angular-schema-form,JavaScript
14562056,4,driftyco/ionic-cli,JavaScript
8514,24,rails/rails,Ruby
212862,4,refinery/refinerycms,Ruby
24894912,1,logstash-plugins/logstash-filter-metrics,Ruby
7477865,4,wesleytodd/YeoPress,JavaScript
11116372,2,keystonejs/keystone,JavaScript
10822741,7,imagej/imagej-omero,Java
14474326,1,octopress/octopress,Ruby
758079,4,mapbox/tilemill,JavaScript
22700458,4,syncthing/syncthing-gtk,Python
2165383,1,sunpy/sunpy,Python
24254047,2,switchfly/ember-mocha,JavaScript
7673810,1,koenedaele/pyramid_skosprovider,Python
447184,12,rspec/rspec-rails,Ruby
17728164,6,hashicorp/terraform,Go
11396385,14,swcarpentry/site,HTML
890377,5,networkx/networkx,Python
1142976,2,ipa320/cob_driver,C++
80571,3,fatfreecrm/fat_free_crm,Ruby
13575283,1,PocketRent/hhvm-pgsql,C++
1312351,1,bio4j/bio4j,Java
10399273,2,geoadmin/mf-geoadmin3,JavaScript
11581452,1,theforeman/hammer-cli-foreman,Ruby
20558462,3,OCA/OCB,Python
6486826,5,hrydgard/ppsspp,C++
16819795,2,mozilla/fxa-oauth-server,JavaScript
3781859,3,shawnbot/aight,JavaScript
16523688,2,mozilla/fxa-profile-server,JavaScript
946945,3,jquery/globalize,JavaScript
5017825,2,jquery/download.jqueryui.com,JavaScript
4197769,1,berkshelf/berkshelf,Ruby
13653550,1,Katello/hammer-cli-katello,Ruby
4210958,1,burtlo/ark,Ruby
25136308,1,github/fetch,JavaScript
308770,3,plataformatec/devise,Ruby
19360616,18,docker/swarm,Go
4989235,3,openstreetmap/iD,JavaScript
21397581,2,reflux/refluxjs,JavaScript
12225546,1,pouchdb/express-pouchdb,JavaScript
6296790,4,spring-projects/spring-boot,Java
14238949,3,elastic/elasticsearch-rails,Ruby
9831101,3,elastic/elasticsearch-ruby,Ruby
5710848,2,TelescopeJS/Telescope,JavaScript
2300694,3,hacken-in/website,Ruby
390510,1,benoitc/gunicorn,Python
560495,2,jsdoc3/jsdoc,JavaScript
23403252,6,18F/dashboard,JavaScript
10045175,2,strongloop/strong-remoting,JavaScript
17053199,6,boot2docker/boot2docker-cli,Go
28257573,3,flarum/core,JavaScript
931135,3,Leaflet/Leaflet,JavaScript
596892,8,mitsuhiko/flask,Python
12136863,4,btcsuite/btcwallet,Go
11446601,2,shinken-monitoring/mod-webui,JavaScript
1385122,4,matplotlib/matplotlib,Python
22321368,8,andrewgaul/s3proxy,Java
22507007,8,TeamMentor/TM_4_0_Design,HTML
4090287,5,paulmillr/chokidar,JavaScript
28061676,11,yannickcr/eslint-plugin-react,JavaScript
8629417,6,mapbox/mapbox-gl-js,JavaScript
4255988,2,tsuru/gandalf,Go
2331534,2,alphagov/frontend,Ruby
22002058,2,sourcegraph/srclib,Go
1252,1,lsegal/yard,Ruby
481872,8,mitchellh/vagrant,Ruby
2163263,7,hapijs/hapi,JavaScript
1372780,2,Pylons/deform,JavaScript
27,4,rubinius/rubinius,Ruby
8665467,1,nick-thompson/couchdb-harness,JavaScript
16174770,1,bpmn-io/diagram-js,JavaScript
4110016,2,dominictarr/crypto-browserify,JavaScript
15355019,1,contra/vinyl-fs,JavaScript
25837286,2,Chisel-2/Chisel-2,Java
447036,14,mopidy/mopidy,Python
4164482,1,django/django,Python
12584841,1,jcabi/jcabi-manifests,Java
18825519,5,meteor-velocity/velocity,JavaScript
22527813,2,freedomjs/freedom-pgp-e2e,JavaScript
25661063,1,cibernox/git-repo-version,JavaScript
3623050,9,caskroom/homebrew-cask,Ruby
25274085,1,calvinmetcalf/browserify-aes,JavaScript
1380117,9,getlantern/lantern-java,Go
3342055,2,nodejs/node-gyp,Python
12380069,11,nlbdev/nordic-epub3-dtbook-migrator,HTML
21129265,5,Qabel/qabel.github.io,JavaScript
27903690,1,flynn/go-tuf,Go
9252533,2,numenta/nupic,Python
6115789,2,SciTools/scitools.org.uk,JavaScript
8715146,8,strongloop/strongloop,JavaScript
7639232,4,angular/protractor,JavaScript
23924195,4,Lasagne/Lasagne,Python
22155032,3,Coursemology/coursemology2,Ruby
10995659,2,tmatilai/vagrant-proxyconf,Ruby
597879,14,Automattic/mongoose,JavaScript
5400018,1,Level/levelup,JavaScript
10154685,1,Level/level,JavaScript
12164369,1,artefactual/archivematica-storage-service,Python
11545371,3,OpenMods/OpenBlocks,Java
22442668,27,openshift/origin,Go
24500594,3,coneoproject/COFFEE,Python
4580780,4,npm/npm-registry-client,JavaScript
9996255,81,balderdashy/waterline,JavaScript
21679569,2,scikit-beam/scikit-beam,Python
27382506,1,k0kubun/pp,Go
17301522,1,joeybaker/remapify,JavaScript
17780645,1,travis-ci/travis-yaml,Ruby
16366081,7,numenta/nupic.core,C++
3214406,7,meteor/meteor,JavaScript
27776551,10,18F/hub,JavaScript
5694513,2,aws/aws-sdk-js,JavaScript
20882845,4,OCA/purchase-workflow,Python
2649031,3,emberjs/website,HTML
22965155,1,getlantern/peerscanner,Go
6660536,26,UV-CDAT/uvcdat,Python
1599151,2,alphagov/static,JavaScript
2011783,6,ilastik/lazyflow,Python
10064545,118,systemjs/systemjs,JavaScript
4128353,25,sass/node-sass,JavaScript
8884539,2,bonaime/seedlink_plotter,Python
4106792,12,Homebrew/homebrew-science,Ruby
9992330,6,couchbase/couchbase-lite-android,Java
24718080,24,NSLS-II/dataportal,Python
781028,1,node-inspector/node-inspector,JavaScript
7764559,2,facebook/esprima,JavaScript
7910045,1,badges/shields,JavaScript
13815417,1,GeertJohan/go.rice,Go
23198783,1,MapQuest/avecado,C++
5741125,1,learningequality/ka-lite,Python
4435792,1,ros-infrastructure/bloom,Python
28107304,3,crypto-browserify/publicEncrypt,JavaScript
26119962,2,yuya-takeyama/db2yaml,Go
958314,1,remy/nodemon,JavaScript
3149845,11,ros/rosdistro,Python
21413198,3,facebook/immutable-js,JavaScript
7136348,4,laurentj/slimerjs,JavaScript
19939216,12,hbz/lobid,Java
28710753,4,sphinx-doc/sphinx,Python
19745004,20,odoo/odoo,Python
17303641,3,chef/chef-dk,Ruby
8780590,4,mozilla/webmaker.org,HTML
13347640,8,rspec/rspec-support,Ruby
7467217,3,Level/node-leveldown,C++
16563587,5,cockroachdb/cockroach,Go
858127,4,pydata/pandas,Python
14299077,1,bio4j/bio4j-titan,Java
19606628,4,ivogabe/gulp-typescript,JavaScript
13345709,1,the-grid/the-graph,JavaScript
2370458,2,dmwm/WMCore,Python
5830987,1,hapijs/joi,JavaScript
1501888,1,GlowstoneMC/Glowstone,Java
21386310,2,UnifiedViews/Plugin-DevEnv,Java
22584039,1,z0mt3c/hapi-swaggered-ui,JavaScript
3171862,1,QIICR/Reporting,C++
13744591,1,sgabe/metasploit-framework,Ruby
24198103,1,chef/chef-provisioning-aws,Ruby
19272315,6,samtools/htsjdk,Java
143580,2,divio/django-cms,Python
14448779,5,astropy/astropy-helpers,Python
2968000,5,snarfed/bridgy,Python
19692503,9,strongloop/generator-loopback,JavaScript
15188780,1,floooh/oryol,C++
23774298,7,SpongePowered/SpongeForge,Java
24898177,3,hashicorp/consul-template,Go
25652980,30,swcarpentry/workshop-template,Python
15145867,1,blaze/datashape,Python
22652644,2,Stanford-Online/edx-ora2,Python
15452919,15,ethereum/go-ethereum,Go
3166814,2,puppetlabs/puppet_for_the_win,Ruby
29249482,2,mathjax/MathJax-website,HTML
261943,4,middleman/middleman,Ruby
22660201,1,genome/civic-server,Ruby
24951510,5,strongloop/strong-mesh-models,JavaScript
3988342,1,opdenkamp/xbmc-pvr-addons,C++
7362671,1,rails/spring,Ruby
167174,6,jquery/jquery,JavaScript
30183842,5,HSLdevcom/OpenTripPlanner,Java
16180517,4,autotest/tp-libvirt,Python
21831425,1,couchbaselabs/couchbase-lite-local,Ruby
27562508,6,swcarpentry/git-novice,HTML
3449583,4,theforeman/puppet-foreman,Ruby
2917192,3,Connexions/rhaptos.cnxmlutils,HTML
14747279,2,mizzy/specinfra,Ruby
238983,24,rspec/rspec-mocks,Ruby
2750721,7,ckan/ckan,Python
3955647,2,lodash/lodash,JavaScript
1301745,1,enthought/traits,Python
26996090,2,sourcegraph/appdash,Go
2536587,2,Automattic/juice,JavaScript
30093172,1,OADA/oada-compliance,JavaScript
5497,2,sstephenson/sprockets,Ruby
25959820,1,syncany/syncany-plugin-dropbox,Java
29421384,1,andreypopp/typescript-loader,JavaScript
4291387,1,Netflix/archaius,Java
3215654,1,owtf/owtf,HTML
7653178,1,projecthydra/sufia,Ruby
7833168,4,elastic/kibana,JavaScript
12706290,4,uwescience/myria-web,Python
26655380,1,douglasduteil/isparta,JavaScript
6267158,1,Strider-CD/strider,JavaScript
9908723,1,spotify/snakebite,Python
16652218,4,sharelatex/sharelatex,HTML
9244177,3,apiaryio/protagonist,C++
15221515,1,inspirehep/inspire-next,Python
19483273,3,GoogleCloudPlatform/gcloud-node,JavaScript
12445598,1,firebase/emberfire,JavaScript
2228226,2,openmicroscopy/openmicroscopy,Java
5548784,2,caolan/highland,JavaScript
4330620,2,chaijs/chai-docs,JavaScript
26650305,6,cfpb/hmda-pilot,JavaScript
14757903,7,gwpy/gwsumm,Python
14536054,6,sul-dlss/spotlight,Ruby
1105519,2,naparuba/shinken,Python
6093316,6,DefinitelyTyped/DefinitelyTyped,TypeScript
31090585,3,nodejs/evangelism,JavaScript
14051004,3,IQSS/dataverse,Java
10664,4,cucumber/cucumber-ruby,Ruby
18194030,3,strongloop/loopback-example-offline-sync,JavaScript
12646044,4,wet-boew/GCWeb,HTML
25592861,10,swcarpentry/shell-novice,HTML
19257170,7,strongloop/strong-arc,JavaScript
5811958,2,artefactual/archivematica,Python
20882412,2,OCA/sale-workflow,Python
9521528,1,mozilla/ichnaea,Python
9214768,8,Homebrew/linuxbrew,Ruby
17931173,1,AmpersandJS/ampersandjs.com,HTML
16999953,1,freedomjs/freedom-for-chrome,JavaScript
22361331,3,mozilla/webmaker-android,Java
6209952,5,biocore/qiime,Python
16106422,2,jirikuncar/invenio,Python
10073359,1,Homebrew/homebrew-nginx,Ruby
5832751,2,mk-fg/python-onedrive,Python
2508083,3,travis-ci/travis-build,Ruby
15974409,1,travis-ci/docs-travis-ci-com,HTML
9524363,3,paylogic/pip-accel,Python
9384267,13,atom/electron,C++
535266,1,vcr/vcr,Ruby
22577138,1,Graylog2/graylog-plugin-archetype,Java
15712730,1,rogeriopvl/gulp-ejs,JavaScript
17224370,1,DICE-UNC/jargon,Java
25567730,1,OADA/oada-ref-auth-js,JavaScript
6054707,1,boxen/puppet-boxen,Ruby
29891188,11,feross/standard,JavaScript
23115931,1,googlegenomics/gatk-tools-java,Java
907410,2,jquery/jquery-mobile,JavaScript
11061773,20,eslint/eslint,JavaScript
3910945,15,hypothesis/h,Python
24382273,6,sul-dlss/triannon,Ruby
11682335,3,h5bp/server-configs-apache,JavaScript
30468314,2,nodejs/nodejs-ru,HTML
692528,4,stephenmcd/mezzanine,Python
13527761,1,BrowserSync/browser-sync,JavaScript
19872456,7,rackt/react-router,JavaScript
5731348,1,obspy/obspy,Python
20568502,2,mrjoelkemp/Dependents,Python
24774658,2,boto/boto3,Python
1276752,1,brunch/brunch,JavaScript
12574344,3,spf13/cobra,Go
527644,4,less/less.js,JavaScript
15830664,4,mkdocs/mkdocs,Python
15090814,6,chef/chef-rfc,Ruby
455600,10,facebook/hhvm,C++
30027163,2,webrtc/adapter,JavaScript
1157388,1,tmuxinator/tmuxinator,Ruby
952189,4,jashkenas/backbone,JavaScript
27148891,5,MozillaFoundation/plan,JavaScript
13941428,2,kenichi/angelo,Ruby
8393,1,thoughtbot/paperclip,Ruby
8135462,6,zenodo/zenodo,Python
4066227,1,shramov/leaflet-plugins,JavaScript
2222347,2,Locale/localeapp,Ruby
28627094,2,abonas/kubeclient,Ruby
15508537,1,meanjs/mean,JavaScript
5346495,4,VisTrails/VisTrails,Python
919161,5,arduino/Arduino,HTML
15460666,3,ethereum/cpp-ethereum,C++
11888510,3,facebook/jstransform,JavaScript
10126908,12,strongloop/loopback-datasource-juggler,JavaScript
5474834,5,ros/ros_comm,C++
910744,4,puppetlabs/puppet,Ruby
24865368,10,UV-CDAT/VisTrails,Python
25003905,4,webcomponents/webcomponentsjs,JavaScript
27823188,1,aldryn/aldryn-newsblog,Python
20897575,6,OCA/vertical-ngo,Python
790359,1,sequelize/sequelize,JavaScript
1064563,3,netty/netty,Java
9060347,1,google/traceur-compiler,JavaScript
4010478,1,visionmedia/page.js,JavaScript
21950910,2,GoogleCloudPlatform/PerfKitBenchmarker,Python
25617835,1,JSRocksHQ/slush-es20xx,JavaScript
9004241,1,robotology/codyco-modules,C++
3638964,6,ansible/ansible,Python
29455960,10,plaid/sanctuary,JavaScript
238986,16,rspec/rspec-expectations,Ruby
16384837,8,hbz/nwbib,HTML
2183193,5,Theano/Theano,Python
31404632,11,babel/babel-eslint,JavaScript
5612317,1,uwescience/myria,Java
25882864,1,jupyter/jupyter-drive,JavaScript
20021829,1,NSLS-II/metadatastore,Python
27427417,1,CDS-VRN/InSpider,Java
26885919,6,cfpb/hmda-rule-engine,JavaScript
4821436,2,DennisKehrig/brackets-show-whitespace,JavaScript
23059575,10,weaveworks/weave,Go
17324120,3,18F/18f.gsa.gov,HTML
2156455,15,ceylon/ceylon-ide-eclipse,Java
15778059,2,pyca/pyopenssl,Python
27804716,2,aurelia/templating,JavaScript
363387,4,rspec/rspec-dev,Ruby
13726895,1,Snugug/eq.js,JavaScript
7083242,2,go-sql-driver/mysql,Go
237159,6,strongloop/express,JavaScript
1606654,1,prawnsalad/KiwiIRC,JavaScript
26870928,5,refile/refile,Ruby
12765913,1,lazojs/lazo,JavaScript
26964106,2,swcarpentry/sql-novice-survey,HTML
5254650,4,elastic/logstash-forwarder,Go
4912314,1,fedora-infra/datanommer,Python
4297273,3,wet-boew/wet-boew,HTML
24850617,2,ScottLogic/d3fc,JavaScript
22641745,6,react-bootstrap/react-router-bootstrap,JavaScript
10697582,7,jscs-dev/node-jscs,JavaScript
30486405,1,nodejs/nodejs-zh-TW,JavaScript
22387458,5,z0mt3c/hapi-swaggered,JavaScript
10435644,2,rom-rb/rom-rb.org,HTML
4973784,28,cyclus/cycamore,C++
24774804,1,heigeo/leaflet.wms,JavaScript
12468921,1,OpenTreeOfLife/germinator,Python
1965901,1,justinlatimer/node-midi,HTML
8201256,2,joewalnes/websocketd,Go
11369603,1,Connexions/cnx-archive,Python
19206385,1,skynetservices/skydns,Go
17821820,3,benderjs/benderjs,JavaScript
28726977,1,WinRb/winrm-fs,Ruby
28305425,4,CloudSlang/cloud-slang,Java
3329386,1,fedora-infra/fedmsg,Python
21243212,1,AtomLinter/linter-eslint,JavaScript
8100172,6,bem/bem-core,JavaScript
27620277,6,eslint/espree,JavaScript
2833537,2,jquery/esprima,JavaScript
19097645,1,jsk-ros-pkg/jsk_travis,Python
23021810,2,Urigo/angular-meteor,JavaScript
26702968,2,thoughtbot/ember-cli-rails,Ruby
20962139,6,SassDoc/sassdoc,JavaScript
20666775,1,docker/libchan,Go
4222911,2,ogier/pflag,Go
4665529,5,cfjedimaster/brackets-jshint,JavaScript
6766558,1,Netflix/Hystrix,Java
3301400,7,MinecraftForge/MinecraftForge,Java
632007,1,adhearsion/adhearsion,Ruby
71019,2,rake-compiler/rake-compiler,Ruby
11545928,6,nodejs/nan,C++
19036577,6,zooniverse/Panoptes,Ruby
27561243,3,mozilla/webmaker-curriculum,HTML
1844251,9,tastejs/todomvc,JavaScript
14812631,5,mapbox/node-pre-gyp,JavaScript
1032,5,churchio/onebody,Ruby
2023124,2,h5bp/html5please,JavaScript
3238243,2,Fyrd/caniuse,JavaScript
1739767,3,mozilla/rhino,C++
1424470,3,moment/moment,JavaScript
17912002,4,Connexions/cnx-publishing,Python
11921752,2,lxde/lxqt-config,C++
901277,1,gwaldron/osgearth,C++
18849374,1,coderly/ember-gdrive,JavaScript
15426083,2,strongloop/strong-supervisor,JavaScript
14982460,1,CodeClub/lesson_format,Python
1200050,2,ariya/phantomjs,HTML
23335023,4,github/generator-hubot,JavaScript
9954101,3,CodeClub/scratch-curriculum,HTML
16831466,3,cms-sw/root,C++
8711354,1,tabulapdf/tabula,JavaScript
7411076,3,thoughtbot/hound,Ruby
4348524,1,jquery/jquery.com,HTML
5888353,1,spotify/luigi,Python
929845,1,sass/sass,Ruby
16354995,1,G5/g5_authenticatable,Ruby
25324340,1,imglib/imglib2-algorithm,Java
21233191,13,ipfs/go-ipfs,Go
19868180,2,JSRocksHQ/jsrockshq.github.io,HTML
6255503,1,CWSpear/bootstrap-hover-dropdown,JavaScript
22252531,2,bgruening/docker-ipython-notebook,Python
15670215,1,nephila/djangocms-blog,Python
23627382,8,pelias/api,JavaScript
3288595,7,cyclus/cyclus.github.com,Python
2752522,1,geotools/geotools,Java
29600667,11,appc/docker2aci,Go
17558946,8,shinnn/gulp-gh-pages,JavaScript
26077653,7,martyjs/marty,JavaScript
22002175,2,sourcegraph/srclib-go,Go
29939198,2,18F/automated-testing-playbook,Ruby
27105154,3,bemusic/bemuse,JavaScript
4137249,5,test-kitchen/test-kitchen,Ruby
15693680,4,docker/libcontainer,Go
2916197,1,elastic/elasticsearch-mapper-attachments,Java
904810,1,rubysherpas/paranoia,Ruby
15191676,1,percona/cloud-protocol,Go
14724975,3,irods/irods,C++
6543378,3,lobid/lodmill,Java
15168264,2,biocore/scikit-bio,Python
13131245,4,biocore/qiita,Python
22993377,10,genome/civic-client,JavaScript
3193719,2,brack3t/Djrill,Python
30433396,1,thorsenty/planning-poker,JavaScript
11002815,1,geopandas/geopandas,Python
26661814,2,elastic/logstash-devutils,Ruby
12983151,2,openhab/openhab,Java
2297550,2,adunkman/connect-assets,JavaScript
1431547,2,tomchristie/django-rest-framework,Python
24917465,1,gonum/optimize,Go
25104780,2,dpla/KriKri,Ruby
25476601,3,logstash-plugins/logstash-output-elasticsearch,Ruby
1093228,7,cocos2d/cocos2d-x,C++
6506651,4,Azure/azure-xplat-cli,JavaScript
18689903,11,fkanehiro/hrpsys-base,C++
23519392,1,Homebrew/install,Ruby
1914329,2,golang/gddo,Go
23291630,1,mathiasbynens/regexpu,JavaScript
14087781,1,jviereck/regjsparser,JavaScript
17197934,1,revel/cmd,Go
616448,1,mustache/spec,Ruby
1801329,1,puppetlabs/puppetlabs-git,Ruby
17930752,1,tkellen/js-rechoir,JavaScript
11225014,3,coreos/etcd,Go
14663768,1,pouchdb/mapreduce,JavaScript
3351871,1,qbittorrent/qBittorrent,C++
16165969,3,Lukasa/hyper,Python
13695735,1,strongloop/loopback-connector-postgresql,JavaScript
11419775,1,lotus/view,Ruby
26553597,1,rom-rb/rom-sql,Ruby
6052682,1,boxen/puppet-hub,Ruby
5433677,1,dahlia/libsass-python,Python
2410676,12,shazow/urllib3,Python
1195004,1,angular/angular-seed,HTML
14105478,1,imagemin/imagemin,JavaScript
1419138,2,jakubpawlowicz/clean-css,JavaScript
7480345,6,robovm/robovm,Java
8966356,3,mitchellh/packer,Go
16396294,2,formly-js/angular-formly,JavaScript
27652771,2,getlantern/flashlight-build,Go
1599397,1,chop-dbhi/avocado,Python
23445209,2,npm/docs,JavaScript
1632980,1,enthought/traitsui,Python
15480067,18,react-bootstrap/react-bootstrap,JavaScript
14003349,2,mozilla/localForage,JavaScript
9511641,1,conveyal/gtfs-editor,JavaScript
3786218,2,inspircd/inspircd,C++
17671906,2,Connexions/cnx-authoring,Python
16184890,2,Connexions/cnx-epub,Python
11931032,4,btcsuite/btcd,Go
20110347,1,synapsestudios/lively,JavaScript
2476855,1,jamesarosen/ember-i18n,JavaScript
3796237,1,troopjs/troopjs,JavaScript
20725617,1,genome/ptero-common,Python
16607898,1,drone/drone,Go
14430294,1,chef/chef-provisioning,Ruby
13667312,1,pyfarm/pyfarm-agent,Python
17374588,8,jsk-ros-pkg/jsk_common,C++
3579088,1,jfinkels/flask-restless,Python
9603889,3,NodeBB/NodeBB,JavaScript
4331833,2,dib-lab/khmer,Python
24117219,4,jupyter/tmpnb,Python
16262387,1,CodeClub/CodeClubUK-Projects,HTML
1520275,4,brigade/overcommit,Ruby
27227932,1,polygon-city/polygon-city-app,JavaScript
4056288,3,chef/omnibus-chef,Ruby
23797315,2,sindresorhus/gulp-autoprefixer,JavaScript
20921872,1,OCA/department,Python
5187096,4,nodejs/readable-stream,JavaScript
28096281,2,babel/ember-cli-babel,JavaScript
7512484,1,diydrones/ardupilot,C++
20653934,3,google/cadvisor,Go
12038459,9,wavefarm/admin,JavaScript
20728874,15,datacarpentry/archive-datacarpentry,HTML
29105003,1,18F/team_hub,Ruby
979480,1,coleifer/peewee,Python
7177096,1,CovertJaguar/Railcraft,Java
22876353,1,sane/sane,JavaScript
7741856,17,pixijs/pixi.js,JavaScript
10932604,2,lotus/controller,Ruby
17592572,6,bpmn-io/bpmn-js,JavaScript
16860049,1,BrassGoggledCoders/Steamcraft2,Java
28199205,1,Stanford-Online/edx-submissions,Python
3449635,2,theforeman/puppet-puppet,Ruby
6578551,3,bem/bem-components,JavaScript
12414082,3,kevva/bin-wrapper,JavaScript
9478219,2,edx/configuration,Python
20789757,6,ManageIQ/manageiq,Ruby
1039520,8,rg3/youtube-dl,Python
21950873,1,GoogleCloudPlatform/PerfKitExplorer,JavaScript
28769620,1,bmorton/deployster,Go
16297763,2,rom-rb/rom-rails,Ruby
893522,2,voodootikigod/node-serialport,C++
12446895,2,kurko/ember-json-api,JavaScript
27427758,2,CDS-VRN/CDS-BIJ12,Java
26825462,1,orius123/slang-sublime,JavaScript
25606869,1,StraboSpot/strabo-mobile,JavaScript
7508411,1,ReactiveX/RxJava,Java
2081290,3,astropy/astropy.github.com,HTML
5550567,3,owncloud/android,Java
1362490,21,kennethreitz/requests,Python
22119747,1,gliderlabs/registrator,Go
507775,12,elastic/elasticsearch,Java
12511640,22,dlmanning/gulp-sass,JavaScript
2136524,1,lmfit/lmfit-py,Python
16286131,20,mapbox/mapbox-gl-native,C++
45547,7,jquery/sizzle,JavaScript
19994257,3,derekparker/delve,Go
3876119,2,ipa320/cob_perception_common,C++
16745868,1,rock-core/base-types,C++
2338279,2,chop-dbhi/serrano,Python
27719177,2,Altoros/hacker-assessor,Ruby
10780607,2,NFLabs/zeppelin,Java
3100121,1,rogerwang/node-webkit,C++
14798348,1,fedora-infra/anitya,Python
30859333,11,libreio/libre,Java
3427405,3,celluloid/reel,Ruby
29217912,5,NuGet/NuGet.VisualStudioExtension,JavaScript
26820697,3,jstransformers/jstransformer,JavaScript
7394347,4,PrismarineJS/node-minecraft-protocol,JavaScript
30056447,1,vecnet/dl-discovery,Ruby
16520788,1,keystonejs/generator-keystone,JavaScript
30779589,4,Vestorly/ember-cli-emblem,JavaScript
23984796,7,jupyter/nbgrader,Python
27727916,2,wellington/wellington,Go
24612415,3,ros-infrastructure/ros_buildfarm,Python
722201,2,jruby/jruby-openssl,Java
30325550,10,jacobsa/gcsfuse,Go
18023059,3,rancher/cattle,Java
32340557,7,google/gxui,Go
19927831,4,ament/ament_tools,Python
22737337,3,ros2/rmw_opensplice,C++
32104924,4,rails/sprockets,Ruby
15907354,3,patacrep/patanet,Python
4648505,4,OP2/PyOP2,Python
23404839,1,docker/kitematic,JavaScript
28677940,2,tork-a/hakuto,HTML
6966619,2,hawtio/hawtio,JavaScript
7748227,1,pimusicbox/pimusicbox,Python
22982974,4,liqd/adhocracy3,Python
22942790,1,jgm/CommonMark,Python
27764892,1,floooh/fips,Python
26927081,3,cfpb/hmda-edit-check-api,JavaScript
26885032,2,cfpb/hmda-rule-spec,JavaScript
19241830,2,BCA-Team/Buildcraft-Additions,Java
11896413,1,glennjones/hapi-swagger,JavaScript
20905275,1,apigee-127/swagger-tools,JavaScript
11324222,1,npm/npm-registry-mock,JavaScript
478584,3,tmpvar/jsdom,JavaScript
18107697,3,Esri/environmental-impact,JavaScript
4555644,2,galaxyproject/bioblend,Python
8486799,6,balderdashy/sails-mongo,JavaScript
10846437,1,strongloop/loopback-component-push,JavaScript
357681,4,isaacs/node-glob,JavaScript
26437605,1,edx-solutions/xblock-google-drive,Python
23690791,2,macropodhq/macropod-components,JavaScript
1036336,1,heroku/rack-timeout,Ruby
32403967,8,NVIDIA/DIGITS,Python
8270619,1,aws/opsworks-cookbooks,Ruby
30430269,2,mozilla/teach.mozilla.org,JavaScript
26050796,9,appscot/sails-orientdb,JavaScript
21748344,4,ros2/rosidl,Python
27729907,4,grpc/grpc-go,Go
854078,1,stephenmcd/cartridge,Python
32270084,1,yahoo/end-to-end,JavaScript
25331009,3,meeples/meeples,Ruby
26516210,6,letsencrypt/letsencrypt,Python
4704710,4,mwaskom/seaborn,Python
21796735,1,dustinspecker/generator-ng-poly,JavaScript
3620194,2,ivaynberg/select2,JavaScript
213469,1,simpligility/android-maven-plugin,Java
32848140,2,apache/incubator-zeppelin,Java
1232968,1,zzzsochi/Flask-Gravatar,Python
12820537,1,tripit/slate,JavaScript
2006005,1,healpy/healpy,Python
10975056,3,strongloop/loopback-connector-mongodb,JavaScript
13305534,1,jeroenooms/jsonlite,HTML
14712850,5,syncthing/syncthing,Go
19896256,1,pugjs/react-jade,JavaScript
6780534,1,elan-ev/StudIPAndroidApp,Java
12498335,10,balderdashy/waterline-schema,JavaScript
21116798,3,balderdashy/waterline-cursor,JavaScript
1516094,2,cocaine/cocaine-core,C++
29028775,14,facebook/react-native,JavaScript
26873147,2,confluentinc/kafka-rest,Java
98540,2,holidays/holidays,Ruby
730070,1,shoes/furoshiki,Ruby
20264700,1,ament/ament_lint,Python
18342541,1,genome/ptero-workflow,Python
355634,1,projectblacklight/blacklight,Ruby
28394156,1,CloudSlang/score,Java
19099484,2,interagent/pliny,Ruby
13815852,2,cujojs/most,JavaScript
7344953,2,gshutler/useragent,Ruby
4950187,2,jacoco/jacoco,Java
10067157,24,balderdashy/waterline-adapter-tests,JavaScript
7529257,4,backspaces/agentscript,JavaScript
25627422,1,robotology/poeticon,C++
4039952,2,BuildCraft/BuildCraft,Java
32452938,1,troopjs/troopjs-hub,JavaScript
2634628,4,ipa320/cob_robots,Python
3794049,5,celluloid/celluloid-zmq,Ruby
2916712,9,elastic/elasticsearch-cloud-aws,Java
27563721,2,mozilla-services/readinglist,Python
14000045,1,chanks/que,Ruby
16185172,33,aspnet/Universe,PowerShell
10851820,8,ramda/ramda,JavaScript
23578850,2,phstc/shoryuken,Ruby
28796010,7,rancher/os,Go
218157,2,hut/ranger,Python
24395109,2,AppliedEnergistics/Applied-Energistics-2,Java
13631558,1,dmillerw/RemoteIO,Java
11164718,1,mozilla/MozStumbler,Java
2649214,1,arangodb/arangodb,C++
5312648,4,SciTools/iris,Python
10344201,1,ros-simulation/gazebo_ros_pkgs,C++
6607925,1,ros-controls/ros_control,C++
29985850,2,timelyportfolio/parcoords,JavaScript
22148545,3,pelias/schema,JavaScript
28223616,1,goatslacker/alt,JavaScript
13258039,2,KeepSafe/aiohttp,Python
15350898,7,geneontology/noctua,JavaScript
24829371,6,mila-udem/blocks,Python
6884828,3,fedora-infra/fedmsg_meta_fedora_infrastructure,Python
30701212,2,acsone/geospatial,JavaScript
13810259,3,hckrs/hckrs.io,JavaScript
10041891,1,mozilla/fxa-auth-server,JavaScript
10932532,1,primus/primus,JavaScript
25077882,1,babel/broccoli-babel-transpiler,JavaScript
24910542,2,google/end-to-end,JavaScript
11924873,3,lxde/libqtxdg,C++
25838895,1,danvk/mocha-react,JavaScript
29688210,2,sgmap/ludwig-ui,JavaScript
86149,1,unclebob/fitnesse,Java
20307596,1,konklone/oversight.io,JavaScript
16180304,1,autotest/tp-qemu,Python
484788,1,z3t0/Arduino-IRremote,C++
8251925,1,juliangruber/multilevel,JavaScript
8044474,3,mitchellh/vagrant-aws,Ruby
15042339,1,cnpm/cnpm,JavaScript
417389,1,lostisland/faraday,Ruby
12670444,4,petkaantonov/bluebird,JavaScript
23876490,1,scikit-beam/scikit-beam-examples,Python
11843609,1,rlmcpherson/s3gof3r,Go
11851236,1,relayrides/pushy,Java
16152925,2,freedomjs/freedom-social-xmpp,JavaScript
22737329,3,ros2/rmw_connext,C++
2594187,1,NetLogo/NetLogo,HTML
3757512,11,balderdashy/sails,JavaScript
22737333,5,ros2/rclcpp,C++
20638880,1,Polymer/polymer-tutorial,JavaScript
22480578,1,jakemmarsh/angularjs-gulp-browserify-boilerplate,JavaScript
13633443,3,opscode/supermarket,Ruby
4011054,1,jubos/fake-s3,Ruby
13124802,4,influxdb/influxdb,Go
10826219,1,rackspace/gophercloud,Go
810796,2,sferik/rails_admin,Ruby
6645850,1,unknownbrackets/ppsspp,C++
107872,3,nurse/rubyspec,Ruby
867564,1,robolectric/robolectric,Java
13672849,5,mix-it/linkit,Java
26195776,1,JedWatson/classnames,JavaScript
9787757,2,tools/godep,Go
32170696,1,javamind/linkit,Java
1549395,15,celluloid/celluloid,Ruby
37690,1,josh/useragent,Ruby
13257961,10,NetLogo/Tortoise,JavaScript
28402826,3,jquery/jquery-license,JavaScript
5932749,3,ternjs/acorn,JavaScript
5483330,1,soimort/you-get,Python
18409797,3,chef/chef-provisioning-docker,Ruby
12499251,3,checkstyle/checkstyle,Java
15666354,1,deathcap/voxel-clientmc,JavaScript
2305374,1,jdc0589/JsFormat,Python
17434992,3,Financial-Times/origami-build-tools,JavaScript
9090937,1,test-kitchen/busser,Ruby
9703957,1,edx/codejail,Python
465681,4,znc/znc,C++
7056202,1,cppformat/cppformat,C++
15846674,1,eslint/eslint.github.io,JavaScript
25738703,1,monarch-initiative/dipper,Python
17923502,1,AzureAD/azure-activedirectory-library-for-nodejs,JavaScript
21338881,1,xolvio/meteor-jasmine,JavaScript
3885202,1,rovo89/XposedBridge,Java
3911317,1,rovo89/XposedInstaller,Java
24750581,2,OCA/connector-interfaces,Python
13807606,4,junegunn/fzf,Go
20100867,3,strongloop/loopback-boot,JavaScript
26229585,4,w3c/echidna,HTML
11753734,5,monarch-initiative/monarch-app,JavaScript
1084114,3,mapnik/node-mapnik,C++
4434126,5,shoes/shoes4,Ruby
31614586,1,awesomescot/dpl,Ruby
1181927,1,bitcoin/bitcoin,C++
10066825,1,Esri/esri-leaflet,JavaScript
557980,1,socketio/socket.io,JavaScript
20785986,5,jupyter/jupyterhub,Python
26066727,1,knsv/mermaid,JavaScript
5801666,5,gevent/gevent,Python
5303123,4,jupyter/nbviewer,Python
31492490,14,NativeScript/NativeScript,TypeScript
10616272,1,freeman-lab/thunder,Python
11939484,1,pyca/cryptography,Python
153204,2,heroku/heroku,Ruby
5298790,4,PX4/Firmware,C++
15309233,2,w3c/specberus,JavaScript
3745077,3,Homebrew/homebrew-versions,Ruby
17788368,1,AmpersandJS/ampersand-sync,JavaScript
16962074,2,noflo/noflo-nodejs,JavaScript
15971562,4,gregcaporaso/An-Introduction-To-Applied-Bioinformatics,Python
24195339,7,angular/angular,TypeScript
33945,3,sparklemotion/nokogiri,Java
25538333,2,tue-robotics/robot_smach_states,Python
32181539,1,takluyver/flit,Python
28882767,4,tkem/mopidy-mobile,JavaScript
14151539,3,influxdb/influxdb-python,Python
3468294,1,troopjs/troopjs-core,JavaScript
20819799,3,driskell/log-courier,Go
1844194,2,PyTables/PyTables,Python
11180687,3,spf13/hugo,Go
2573058,2,zurb/foundation-sites,JavaScript
23992530,8,galaxyproject/tools-iuc,Python
18818187,2,JSRocksHQ/harmonic,JavaScript
2310495,3,ceph/ceph,C++
1984460,1,brianchiu/liferay-portal,Java
4738266,3,cocaine/cocaine-plugins,C++
3678731,2,webpack/webpack,JavaScript
11949423,1,lotus/utils,Ruby
1329931,3,insin/newforms,JavaScript
21611069,1,ethereum/ethereum-buildbot,Python
3019537,1,linuxmint/Cinnamon,JavaScript
1272666,3,jshint/jshint,JavaScript
21394954,1,wildfly/wildfly-core,Java
9257808,1,patacrep/patacrep,Python
31858042,1,bobrik/ansible-modules-core,Python
16008423,3,conda/conda-build,Python
4077502,1,sensu/sensu-chef,Ruby
15778981,1,eclipse/smarthome,Java
25312459,1,logstash-plugins/logstash-input-file,Ruby
30649544,1,motemen/gore,Go
18529961,7,susynt/SusyCommon,C++
18225913,2,broadinstitute/picard,Java
27931142,32,aurelia/skeleton-navigation,JavaScript
3813151,1,linkedin/dustjs,JavaScript
2510503,2,openmicroscopy/bioformats,Java
16349163,1,Esri/live-work-locate,JavaScript
28054492,1,wpengine/hgv,JavaScript
7968417,1,google/dagger,Java
25789674,3,autolab/Tango,Python
3669065,2,open-keychain/open-keychain,Java
22271793,1,smfoote/dust-demo,HTML
20297645,1,robotology-playground/WBI-Toolbox,C++
13510362,6,msmbuilder/msmbuilder,Python
19529740,4,slipstream/SlipStreamDocumentationAPI,JavaScript
15581687,1,cburschka/cadence,JavaScript
30921526,1,mozilla-services/cliquet,Python
2611311,2,squizlabs/HTML_CodeSniffer,JavaScript
27775665,1,floatdrop/plugin-jsx,JavaScript
19154916,2,18F/myusa,Ruby
26800584,1,martyjs/marty-devtools,JavaScript
17196388,1,revel/revel.github.io,HTML
110411,1,osbridge/openconferenceware,Ruby
30474622,1,calagator/calagator.org,Ruby
2931111,3,chaijs/chai,JavaScript
14406721,1,UV-CDAT/uvcmetrics,Python
16029103,1,floatdrop/gulp-watch,JavaScript
16104394,1,nwjs/nw-builder,JavaScript
9879953,2,censusreporter/census-api,Python
10183514,1,censusreporter/censusreporter,HTML
19406251,1,switchfly/ember-test-helpers,JavaScript
20894140,2,OCA/geospatial,JavaScript
28643625,4,fog/fog-aws,Ruby
3080613,1,Toblerity/Shapely,Python
21548299,1,brooklyncentral/advanced-networking,Java
11221453,1,rails-assets/rails-assets,Ruby
13234395,1,kelseyhightower/confd,Go
1383170,1,nodegit/nodegit,JavaScript
788264,1,zeromq/pyzmq,Python
3195124,3,mperham/sidekiq,Ruby
26837192,1,charliedowler/gulp-flowtype,JavaScript
1257514,1,quantmind/pulsar,Python
8745199,4,ros-industrial/universal_robot,Python
30644093,4,Swagger2Markup/swagger2markup,Java
5860977,1,ros-visualization/python_qt_binding,Python
1466922,1,projecthydra/hydra-head,Ruby
17884222,2,mrjoelkemp/node-source-walk,JavaScript
515585,1,cucumber/aruba,Ruby
19928304,1,ament/ament_package,Python
478996,1,jquery/jquery-ui,JavaScript
21449162,3,aspnet/dnvm,PowerShell
203076,1,grosser/parallel_tests,Ruby
3857240,1,MinecraftForge/FML,Java
4000279,16,SatelliteQE/robottelo,Python
22663585,1,adsabs/adsws,Python
19008038,1,SciGraph/SciGraph,Java
33588118,1,NICTA/TerriaJS,JavaScript
6235174,7,conda/conda,Python
32545743,2,servicosgovbr/editor-de-servicos,Java
25691817,1,paperhive/paperhive-frontend,HTML
1148352,1,Supervisor/supervisor,Python
9671862,1,limhoff-r7/metasploit-framework,Ruby
18421590,3,susynt/SusyNtuple,C++
30892477,1,spyder-ide/spyder,Python
13049233,1,getnikola/plugins,Python
16053994,1,jekyll/jekyll-mentions,Ruby
72690,1,web2py/web2py,Python
24474138,27,ansible/ansible-modules-extras,Python
33264452,1,open-craft/problem-builder,Python
2776635,1,openhatch/oh-mainline,Python
30805535,1,wikimedia/servisor,JavaScript
486550,5,h5bp/html5-boilerplate,JavaScript
23540628,12,sgmap/mes-aides-api,JavaScript
15947557,6,khaledhosny/ots,C++
7247341,1,approvals/Approvals.NodeJS,JavaScript
5481861,1,nusmodifications/nusmods,JavaScript
13220460,1,driftyco/ionic-site,HTML
4597815,1,pentaho/pentaho-platform-plugin-common-ui,JavaScript
31710936,1,MitMaro/combokeys-context,JavaScript
21170375,1,guardian/elk-stack,JavaScript
29628695,2,swcarpentry/training-course,HTML
29882024,1,Wurst-Imperium/Wurst-Client,Java
7705565,1,brandonhilkert/sucker_punch,Ruby
8587669,4,libgit2/git2go,Go
34431301,3,celluloid/culture,Ruby
2661753,1,teampoltergeist/poltergeist,Ruby
32024574,2,aurelia/validation,JavaScript
32883613,1,sul-dlss/triannon-client,Ruby
19981805,1,robotology/yarp-wholebodyinterface,C++
1145832,1,pry/pry,Ruby
1466080,4,sqlcipher/android-database-sqlcipher,Java
20304586,1,opscode-cookbooks/supermarket,Ruby
2945088,2,revel/revel,Go
6898391,1,apache/cordova-docs,JavaScript
17482306,2,syncany/syncany-plugin-s3,Java
24741384,1,postcss/postcss-bem-linter,JavaScript
20897561,4,mapbox/mapbox-gl-styles,JavaScript
28238422,1,aldryn/aldryn-boilerplates,Python
13729434,6,humphd/brackets,JavaScript
33410771,5,abstractive/celluloid,Ruby
24325875,1,forumone/generator-web-starter,JavaScript
16746795,2,forumone/web-starter,Ruby
12310030,1,couchbase/couchbase-lite-java-core,Java
26094060,3,logstash-plugins/logstash-patterns-core,Ruby
17293189,1,lagadic/vrep_ros_bridge,C++
19289265,2,ozone-development/ozp-webtop,JavaScript
5617672,1,infinitered/ProMotion,Ruby
7458003,4,zopefoundation/persistent,Python
4331836,1,dib-lab/screed,Python
12677322,2,fmoo/react-typeahead,JavaScript
33653601,7,jupyter/notebook,JavaScript
10312708,1,travis-ci/dpl,Ruby
30675223,2,google/apitools,Python
16584540,1,dwlehman/blivet,Python
9139165,8,balderdashy/sails-postgresql,JavaScript
21347346,5,NativeScript/nativescript-cli,TypeScript
10453695,2,cucumber/cucumber-ruby-core,Ruby
7586424,2,balderdashy/sails-mysql,JavaScript
30307501,2,humphd/brackets-browser-livedev,JavaScript
349241,3,jashkenas/underscore,JavaScript
6780767,4,aws/aws-cli,Python
1861458,3,hakimel/reveal.js,JavaScript
3067553,3,celluloid/celluloid-io,Ruby
10178188,4,pandegroup/openmm,C++
20230364,1,OCA/l10n-canada,Python
10379106,3,substack/watchify,JavaScript
14735429,3,aquynh/capstone,C++
27293877,1,OdooCommunityWidgets/website_multi_image,JavaScript
942903,1,foreverjs/forever,JavaScript
10755256,2,iron-meteor/iron-router,JavaScript
7792553,2,ros/robot_model,C++
31001374,1,saasquatch/saasquatch-cli,JavaScript
32120717,1,forms-js/angular-1x,TypeScript
31227376,2,Diorite/Diorite-Core,Java
31227320,2,Diorite/Diorite-API,Java
12127251,1,zaggino/brackets-git,JavaScript
19704072,1,fog/fog-softlayer,Ruby
566073,10,polotek/libxmljs,C++
28921747,7,lavab/web,JavaScript
19848353,2,torognes/vsearch,C++
16026402,2,owncloud/android-library,Java
28924109,4,yegor256/takes,Java
16726595,1,spmjs/spmjs.io,JavaScript
1020639,1,Pylons/pyramid,Python
29917715,2,ghaiklor/generator-sails-rest-api,JavaScript
3629537,2,Homebrew/homebrew-games,Ruby
4243142,1,luislavena/gem-compiler,Ruby
10827035,2,balderdashy/sails-docs,JavaScript
15510233,4,openfisca/openfisca-france,Python
9896583,3,MrKepzie/Natron,C++
22390925,1,PeoplePerHour/terraform,Go
26927972,3,sul-dlss/rdf-iiif,Ruby
31051234,4,sul-dlss/annotations2triannon,Ruby
32409782,1,Level/codec,JavaScript
33076155,1,Level/iterator-stream,JavaScript
27888295,4,SatelliteQE/nailgun,Python
1962219,2,cucumber/cucumber-jvm,Java
30872453,1,wikimedia/service-template-node,HTML
19390712,6,swagger-api/swagger-editor,JavaScript
2729788,5,ros/catkin,Python
13392416,1,syncany/syncany,Java
32362828,3,ipfs/infrastructure,Python
24571765,1,js-data/js-data-localforage,JavaScript
22844223,4,ozone-development/ozp-center,JavaScript
29195078,10,fog/fog-google,Ruby
17163720,3,TerriaJS/terriajs,JavaScript
16469697,7,mps-youtube/mps-youtube,Python
9568894,6,nengo/nengo,Python
4591033,1,adobe/brackets-shell,Python
21399598,4,angular/material,JavaScript
21700420,1,ericdill/scikit-xray,Python
3038446,1,Zarel/Pokemon-Showdown,JavaScript
21060126,4,TypeStrong/atom-typescript,TypeScript
15836199,2,hack-club/meta,Go
6049573,1,boxen/our-boxen,Ruby
24740684,1,formly-js/angular-formly-templates-bootstrap,JavaScript
17832726,1,cucumber/gherkin3,JavaScript
12779410,2,jspm/npm,JavaScript
258750,1,theforeman/foreman,Ruby
7209439,3,bitly/oauth2_proxy,Go
15515181,1,sigmavirus24/requests-toolbelt,Python
33336112,156,UKDemocracyOS/app,JavaScript
1028340,1,ajaxorg/ace,JavaScript
21244505,1,The-Compiler/qutebrowser,Python
2481963,1,psu-stewardship/scholarsphere,Ruby
18351718,2,Kitware/romanesco,Python
8347839,2,GoogleCloudPlatform/gsutil,Python
5952670,1,autotest/virt-test,Python
25940652,2,sul-dlss/triannon-service,Ruby
6246304,1,hpcugent/easybuild,Python
29491240,1,strongloop/strong-mesh-client,JavaScript
29290473,1,XX-net/XX-Net,Python
268027,2,carhartl/jquery-cookie,JavaScript
34597195,4,feross/friends,JavaScript
11178845,4,poliastro/poliastro,Python
24609401,2,galaxyproject/tools-devteam,Python
11909121,1,PragTob/wingtips,Ruby
26033134,1,jasonrclark/get_your_shoes_back_on,Ruby
14904442,1,obduk/cms,Ruby
6668676,1,ros-planning/geometric_shapes,C++
34327471,1,mrsib/SE_DrillShipNav,C++
34819734,1,PolymerElements/paper-dialog-behavior,HTML
28360638,11,confluentinc/ducttape,Python
7357595,1,zopefoundation/ZODB,Python
11264371,1,plus3network/gulp-less,JavaScript
16764080,1,sharelatex/web-sharelatex,JavaScript
26316966,15,cyclejs/cycle-core,JavaScript
15062869,1,facebook/jest,JavaScript
28269754,1,heroku/heroku-cli,Go
10459531,1,groupon/Selenium-Grid-Extras,Ruby
24668894,4,SC5/sc5-styleguide,JavaScript
26235440,2,NSLS-II/ophyd,Python
4268140,2,moment/moment-timezone,JavaScript
6052672,1,boxen/puppet-git,Ruby
17286587,5,reactive-streams/reactive-streams-jvm,Java
12791642,2,BVLC/caffe,C++
25312483,1,logstash-plugins/logstash-input-lumberjack,Ruby
25218927,1,sul-dlss/rdf-fcrepo4,Ruby
25184469,1,sul-dlss/rdf-ldp,Ruby
9979119,2,gwpy/gwpy,Python
29996513,15,NuGet/Home,PowerShell
31136177,3,NVIDIA/caffe,C++
2006876,4,swagger-api/swagger-codegen,Java
33365023,1,jstransformers/jstransformer-toml,JavaScript
993110,2,getpelican/pelican,HTML
20310822,2,mozilla/fxa-auth-mailer,HTML
15800559,1,robotology/icub-main,C++
31375455,1,AlexTheGre4t/MCTNG,JavaScript
24386993,3,ualbertalib/HydraNorth,Ruby
18775306,1,WhoopInc/mkwheelhouse,Python
23899906,1,js-data/js-data,JavaScript
19831555,1,pouchdb/plugin-seed,JavaScript
33744138,3,hack-club/hackclub,JavaScript
1382471,1,droolsjbpm/droolsjbpm-knowledge,Java
2556327,9,mapnik/mapnik,C++
3416274,4,jake-phy/WindowIconList,JavaScript
26873220,1,sglanzer/ember-cli-blanket,JavaScript
366200,2,watir/watir-webdriver,Ruby
32954806,1,confluentinc/muckrake,Python
27758092,2,kadirahq/flow-router,JavaScript
33699956,5,optbot/restapi,JavaScript
16691792,7,UnifiedViews/Plugins,Java
32969220,1,esp8266/Arduino,C++
21909749,5,ros2/examples,C++
6281902,1,awead/hydra-pbcore,Ruby
16843183,1,synapsestudios/frontend-template,JavaScript
614070,5,rubygems/rubygems,Ruby
4596755,1,tknerr/bills-kitchen,Ruby
27452807,1,broadinstitute/gatk,Java
79712,2,mime-types/ruby-mime-types,Ruby
22137709,5,sgmap/openfisca-france,Python
7363211,2,tgriesser/knex,JavaScript
28011613,2,meteoric/meteor-ionic,JavaScript
1451352,4,mochajs/mocha,JavaScript
5806776,3,ros-planning/moveit_ros,C++
29972131,2,iam4x/isomorphic-flux-boilerplate,JavaScript
8077760,1,Homebrew/homebrew-head-only,Ruby
355893,2,github/markup,Ruby
19124554,4,scijava/scripting-jython,Java
27609645,1,web2py/pydal,Python
22846573,1,RallySoftware/armada,Ruby
24617259,2,takluyver/terminado,Python
18997610,1,swagger-api/swagger-parser,Java
2090979,2,spring-projects/spring-integration,Java
1381673,3,droolsjbpm/drools,Java
6855801,3,PecanProject/bety,Ruby
9309093,1,Semantic-Org/Semantic-UI,JavaScript
6547965,1,getpelican/pelican-plugins,Python
23718631,1,BuildCraft/BuildcraftCompat,Java
24777832,3,galaxyproject/planemo,Python
8767214,2,atom/node,JavaScript
28939972,1,strongloop/loopback-example-angular,JavaScript
23434056,1,wurmlab/genevalidatorapp,Ruby
30144828,1,saasquatch/time-credit-theme,HTML
14169882,3,systemjs/plugin-css,JavaScript
13824123,1,chef/ffi-yajl,Ruby
5262776,2,jch/html-pipeline,Ruby
27576132,2,aws/aws-sdk-go,Go
33400802,6,project-rig/nengo_spinnaker,Python
10199599,4,CenterForOpenScience/osf.io,Python
33493203,1,celluloid/celluloid-pool,Ruby
2989966,2,hw-cookbooks/route53,Ruby
15768911,1,sindresorhus/gulp-ruby-sass,JavaScript
33750123,1,fabienb4/meteor-autoform-semantic-ui,JavaScript
9008200,1,finnlabs/openproject-backlogs,Ruby
10012207,2,astrofrog/reproject,Python
23770421,3,SpongePowered/SpongeAPI,Java
34326028,1,mrsib/SE_Nav,C++
25002984,1,npm/hosted-git-info,JavaScript
17157565,1,catkin/catkin_tools,Python
14410778,3,bosun-monitor/bosun,Go
10040970,1,jclouds/jclouds-labs,Java
30162008,1,18F/tock,HTML
847885,1,mathjax/MathJax,JavaScript
28748876,1,thegcat/oskiosk,Ruby
15861746,1,crosswalk-project/v8-crosswalk,C++
11446206,2,shinken-monitoring/mod-livestatus,Python
22252196,1,hbz/lobid-organisations,Java
23148176,1,robovm/robovm-samples,Java
12296490,1,cms-sw/cms-bot,Python
10399553,1,geoadmin/mf-chsdi3,JavaScript
3091591,1,emberjs/ember-rails,Ruby
29103567,38,NativeScript/cross-platform-modules,TypeScript
8290123,3,DroidPlanner/Tower,Java
1920851,1,brianchandotcom/liferay-portal,Java
31046054,9,docker/libnetwork_old,Go
33653639,2,jupyter/jupyter_console,Python
3346602,3,moment/momentjs.com,JavaScript
10575878,1,crosbymichael/dockerui,JavaScript
31404980,4,constabulary/gb,Go
34869070,1,PolymerElements/paper-dialog-scrollable,HTML
2567844,2,mavlink/qgroundcontrol,C++
5317353,1,greenisland/greenisland,C++
9349840,4,mozilla/thimble.webmaker.org,JavaScript
24692885,1,lytics/metafora,Go
25273785,6,18F/openFEC-web-app,HTML
17815037,1,AmpersandJS/ampersand,JavaScript
20881761,2,OCA/account-financial-tools,Python
6659004,1,ros-controls/ros_controllers,C++
27876939,1,wibblymat/shed,JavaScript
6670942,1,boto/botocore,Python
32940722,7,projecthydra-labs/hydra-pcdm,Ruby
32475785,3,projecthydra-labs/activefedora-aggregation,Ruby
21222979,3,Kitware/flow,JavaScript
34823916,2,mumuki/mumuki-gobstones-server,Ruby
16158381,1,calref/cadence,JavaScript
1122534,2,comfy/comfortable-mexican-sofa,Ruby
12907373,5,genesis/wordpress,Ruby
5474822,1,ros/ros_tutorials,C++
34508140,5,kemitchell/spdx.js,JavaScript
4216175,2,lepture/python-livereload,Python
34647196,1,PolymerElements/paper-slider,HTML
2351384,2,crowbar/barclamp-crowbar,Ruby
19859302,3,rock-core/tools-orocosrb,Ruby
32093977,2,ebimodeling/cassava,HTML
8981131,1,mizzy/serverspec,Ruby
34423464,5,Imroy/pubsubclient,C++
6394704,4,ForgeEssentials/ForgeEssentials,Java
21992036,1,strongloop/strong-deploy,JavaScript
943149,3,mbostock/d3,JavaScript
28059353,1,Microsoft/TypeScript-Sublime-Plugin,JavaScript
31391612,1,logstash-plugins/logstash-input-jdbc,Ruby
15435,4,Shopify/liquid,Ruby
8792127,1,gollum/gollum-lib,Ruby
30198400,1,servicosgovbr/portal-de-servicos,Java
29806257,1,refractproject/minim,JavaScript
30043131,2,dotnet/llilc,C++
34693515,1,astropy/astroplan,Python
33653575,2,jupyter/jupyter_client,Python
30531423,1,apiaryio/fury.js,JavaScript
11176360,1,osiam/connector4java,Java
27024702,4,SpongePowered/SpongeDocs,Python
35876853,1,Graylog2/graylog-plugin-anonymous-usage-statistics,Java
36058442,2,lxde/lxqt-sudo,C++
10375607,1,wurmlab/GeneValidator,Ruby
26127190,1,jrieken/gulp-tsb,JavaScript
33805382,1,mafintosh/chromecasts,JavaScript
19680412,1,BinaryMuse/fluxxor,JavaScript
7083240,2,orientechnologies/orientdb,Java
5151909,3,yeoman/generator,JavaScript
33791453,4,SpongePowered/SpongeCommon,Java
28949681,3,ctn-waterloo/nengo_viz,JavaScript
3606738,1,AnalyticalGraphicsInc/cesium,JavaScript
757363,3,knockout/knockout,JavaScript
11819493,3,wavefarm/site,HTML
18550041,4,OnroerendErfgoed/atramhasis,Python
2296970,2,webdriverio/webdriverio,JavaScript
18399519,1,sgmap/mes-aides-ui,JavaScript
4380969,2,ModuleLoader/es6-module-loader,JavaScript
34786988,3,sadovnychyi/autocomplete-python,Python
23116127,4,18F/openFEC,Python
34876145,5,nodejs/node-convergence-archive,JavaScript
24871990,15,projecthydra-labs/hydra-works,Ruby
22521755,2,developmentseed/landsat-util,Python
20919134,6,OCA/connector,Python
841835,13,rtfd/readthedocs.org,Python
25033964,1,pepyatka/pepyatka-html,JavaScript
6498492,8,airbnb/javascript,JavaScript
14116604,1,mapbox/rasterio,Python
24808739,1,yapplabs/ember-modal-dialog,JavaScript
17625480,2,osiam/addon-self-administration,Java
26747622,3,OCA/bank-statement-import,Python
9301720,1,npm/normalize-package-data,JavaScript
30210113,2,sittercity/gocumber,Go
6714663,1,mbostock/topojson,JavaScript
10107472,2,arborworkflows/ArborWebApps,JavaScript
3720966,2,chef-cookbooks/windows,Ruby
35489567,3,benbalter/jekyll-rss-feed,Ruby
34294743,1,PolymerElements/paper-input,HTML
29268631,2,huboard/huboard-web,JavaScript
1211978,3,metafizzy/isotope,JavaScript
19143802,1,sequelize/cli,JavaScript
21875770,2,adrianco/spigo,Go
8768978,1,petertodd/python-bitcoinlib,Python
7173240,2,aheckmann/mquery,JavaScript
24444557,2,lavab/api,Go
5225735,4,la-team/light-admin,Java
22234412,1,Vauxoo/odoo,Python
29377344,1,babel/generator-babel-boilerplate,JavaScript
18292022,2,calvinmetcalf/SQLdown,JavaScript
18777006,1,sherpa/sherpa,Python
13934856,2,UV-CDAT/VTK,C++
33044331,1,gcanti/tcomb-form-native,JavaScript
8589420,1,gonum/graph,Go
7760890,1,SlimeKnights/TinkersConstruct,Java
24891661,1,markovmodel/PyEMMA,Python
2996011,2,imglib/imglib2,Java
3594497,9,scijava/scijava-common,Java
26648250,1,infinitered/redpotion,Ruby
27788951,1,aurelia/router,JavaScript
654608,3,joblib/joblib,Python
2381732,2,ceph/ceph-qa-suite,Python
10604766,2,tknerr/vagrant-managed-servers,Ruby
2835111,1,pyinstaller/pyinstaller,Python
26308508,1,e-mission/e-mission-phone,JavaScript
26307245,1,amplab/e-mission-server,JavaScript
27575147,1,meteorhacks/flow-components,JavaScript
14329321,1,phusion/baseimage-docker,Python
27453670,1,martindale/decentral.fm,JavaScript
13619340,1,CyclopsMC/EvilCraft,Java
6612466,2,CocoaPods/Core,Ruby
5672873,1,jenkinsci/ghprb-plugin,Java
26883938,4,papyros/quantum-shell,C++
24349832,1,jquense/yup,JavaScript
17374628,3,jsk-ros-pkg/jsk_recognition,C++
17307763,5,ParmEd/ParmEd,Python
19467101,1,airbnb/airpal,Java
4878628,1,thlorenz/proxyquire,JavaScript
22443384,1,syncthing/website,HTML
35485373,1,refile/refile-mini_magick,Ruby
3759620,1,openhatch/oh-bugimporters,HTML
2965621,2,marionettejs/backbone.marionette,JavaScript
30349984,2,Graylog2/agent,Java
35640229,1,rollup/rollup,JavaScript
27790789,1,confluentinc/schema-registry,Java
27866077,1,ef4/broccoli-es6modules,JavaScript
8427528,1,thorinii/MountainRangePvP,Java
1219074,1,openannotation/annotator,JavaScript
32102712,1,ocefpaf/cf_units,Python
81384,1,IronLanguages/main,Python
4335022,2,MongoEngine/flask-mongoengine,Python
34855687,1,osiam/auth-server,Java
34856295,2,osiam/resource-server,Java
11213384,1,coreos/go-etcd,Go
30910514,1,fruux/sabre-katana,JavaScript
34268206,1,GoogleChrome/sw-toolbox,JavaScript
34752262,1,AGBrown/pouchdb.d.ts,TypeScript
35023956,1,electronjs/electron-rebuild,JavaScript
34082421,3,PolymerElements/paper-drawer-panel,HTML
16851127,1,pydoit/doit,Python
36099221,2,BD2KGenomics/cgcloud,Python
9925552,1,tabulapdf/tabula-extractor,Ruby
27549019,1,stylelint/stylelint,JavaScript
771016,1,boto/boto,Python
35242228,2,demetra-monitoring/demetra,Python
13705182,3,influxdb/influxdb.org,HTML
15380306,1,krakenjs/meddleware,JavaScript
31315021,2,Kinto/kinto,Python
30808587,1,mattdesl/budo,JavaScript
18889409,2,imagej/imagej-common,Java
8779606,1,joel-costigliola/assertj-core,Java
28782747,3,blaze/dask,Python
14640193,2,SecUpwN/Android-IMSI-Catcher-Detector,Java
9482875,1,CocoaPods/pod-template,Ruby
35243741,1,PolymerElements/gold-phone-input,HTML
35117189,1,PolymerElements/gold-cc-input,HTML
35054961,1,PolymerElements/gold-cc-cvc-input,HTML
35063507,1,PolymerElements/gold-cc-expiration-input,HTML
31829770,1,AngularClass/angular2-webpack-starter,JavaScript
32496221,4,deconst/presenter,JavaScript
35104756,2,lazaridis-com/light-admin,Java
18026324,1,uProxy/uproxy-lib,TypeScript
30959449,1,Axelrod-Python/Axelrod,Python
31346719,1,marcharper/Axelrod,Python
2114213,1,PyMySQL/PyMySQL,Python
3983388,1,BroadleafCommerce/DemoSite,HTML
6604361,3,mdtraj/mdtraj,Python
26658897,1,crypto-browserify/browserify-sign,JavaScript
7551773,1,pepyatka/pepyatka-server,JavaScript
18566373,1,mistic100/jQuery-QueryBuilder,JavaScript
7765812,1,jedcn/reveal-ck,Ruby
35113192,3,pangratz/ember-cli-htmlbars-inline-precompile,JavaScript
22395078,2,balderdashy/waterline-sequel,JavaScript
16196446,1,mquan/cortex,JavaScript
3489194,2,davidhalter/jedi,Python
34837037,1,moose-team/rich-message,JavaScript
13078968,1,postcss/postcss,JavaScript
910757,1,puppetlabs/facter,C++
12159312,1,calvinmetcalf/lie,JavaScript
19226573,1,opentok/javascript,JavaScript
1952825,1,Homebrew/homebrew-bundle,Ruby
32542838,1,goreutils/gore-gulp,JavaScript
34927706,1,ros2/system_tests,C++
35446456,1,d3/d3-selection,JavaScript
32024077,141,aurelia/cli,JavaScript
9029977,1,thlorenz/proxyquireify,JavaScript
34092787,1,PolymerElements/paper-material,HTML
6015874,1,boxen/boxen,Ruby
24894892,1,logstash-plugins/logstash-filter-elapsed,Ruby
7887296,1,test-kitchen/kitchen-vagrant,Ruby
32832010,1,sourcegraph/appdash-data,Go
17815129,1,AmpersandJS/ampersand-model,JavaScript
5954,1,jeremyevans/sequel,Ruby
8710321,1,edx/XBlock,Python
7253769,1,opscode/chef-zero,Ruby
1968190,1,weecology/retriever,Python
75547,1,showdownjs/showdown,JavaScript
991475,1,brianc/node-postgres,JavaScript
16986815,2,ocombe/angular-localForage,JavaScript
12710059,1,edoburu/django-parler,Python
32474675,1,phil65/SublimeKodi,Python
2659467,1,huboard/huboard,JavaScript
8042529,2,test-kitchen/kitchen-ec2,Ruby
13080550,1,rails/rails-html-sanitizer,Ruby
32218959,1,PatrickWolleb/generator-koa-rest,JavaScript
34659664,3,weaveworks/scope,Go
30660747,11,BD2KGenomics/cgcloud-core,Python
30415285,2,sgmap/cout-embauche,HTML
23398306,2,evolution/wordpress,JavaScript
34349757,1,PolymerElements/iron-input,HTML
6073097,1,chocolatey/chocolatey-cookbook,Ruby
13599100,2,Polymer/vulcanize,JavaScript
33015583,1,fchollet/keras,Python
30694268,1,martyjs/marty-express,JavaScript
4568238,1,strongloop/expressjs.com,HTML
35440649,3,influxdb/influxdb.com,HTML
34122184,1,olear/openfx-arena,C++
15928042,1,neumino/rethinkdbdash,JavaScript
36024070,1,dansbecker/partials_plots_nba_example,Python
28759170,1,jbenet/goprocess,Go
25706953,1,acdlite/flummox,JavaScript
15189073,2,mavlink/mavros,C++
23519370,1,adobe-photoshop/spaces-adapter,JavaScript
34870728,6,mila-udem/blocks-extras,Python
21451305,5,AtlasOfLivingAustralia/biocache-service,Java
5266,1,jruby/activerecord-jdbc-adapter,Ruby
36960321,1,opencontainers/runc,Go
26643020,3,fog/fog-ecloud,Ruby
32531480,7,js-cookie/js-cookie,JavaScript
8295205,2,mapbox/mapbox-studio-classic,JavaScript
29807436,3,NOVA-Team/NOVA-Wrapper-MC,Java
18128548,2,rhuss/docker-maven-plugin,Java
25527782,1,projectatomic/atomic-reactor,Python
23049298,5,nolanlawson/ember-pouch,JavaScript
34828389,2,winjs/react-winjs,JavaScript
37993459,1,cyclejs/cycle-dom,JavaScript
37238205,1,18F/open-data-maker,Ruby
37489525,1,pytest-dev/pytest,Python
7192181,1,brackets-beautify/brackets-beautify,JavaScript
2681994,1,mitreid-connect/OpenID-Connect-Java-Spring-Server,Java
36316259,4,rackerlabs/nexus-control,HTML
1936771,1,google/truth,Java
27654303,3,mumuki/mumuki-atheneum,Ruby
10037542,3,openhealthcare/opal,HTML
535712,1,urwid/urwid,Python
17919669,1,ualbertalib/discovery,Ruby
21877014,1,18F/discovery,JavaScript
2608337,1,pyreadline/pyreadline,Python
34495913,1,18F/pages,Ruby
30019356,1,NOVA-Team/NOVA-Example,Java
13346571,2,facebook/regenerator,JavaScript
6907993,2,koenedaele/skosprovider,Python
7918325,1,EUDAT-B2SHARE/b2share,Python
13230665,1,unitedstates/inspectors-general,Python
25450557,1,mafintosh/electron-prebuilt,JavaScript
12591371,2,jcabi/jcabi-beanstalk-maven-plugin,Java
7789923,3,ros/ros,Python
33507463,5,Polymer/polymer-element-catalog,HTML
29704274,1,Microsoft/llvm,C++
19651495,1,fhoeben/hsac-fitnesse-fixtures,Java
501687,2,antlr/antlr4,Java
27388642,1,nfarina/homebridge,JavaScript
17397011,2,CentroEPiaggio/kuka-lwr,C++
84822,2,beautify-web/js-beautify,JavaScript
29473314,6,openworm/ChannelWorm,JavaScript
18511024,1,google/web-starter-kit,HTML
33653652,1,jupyter/qtconsole,Python
37579760,1,ynunokawa/machiawase-map-sub,JavaScript
13421878,2,pentaho/pentaho-kettle,Java
2316191,2,pentaho/data-access,Java
21831446,1,mapbox/mapbox-gl-test-suite,JavaScript
13576006,2,IDPF/epubcheck,HTML
35648870,2,mila-udem/blocks-examples,Python
24790523,2,ramda/ramda.github.io,HTML
33653617,3,jupyter/nbconvert,Python
37559299,2,d3/d3-scale,JavaScript
24103275,1,arangodb/arangojs,JavaScript
31268331,1,kodi-pvr/pvr.hts,C++
16849857,2,cyclus/cymetric,Python
35294259,2,jscs-dev/babel-jscs,JavaScript
117302,1,rtomayko/tilt,Ruby
28769114,1,mammon-ircd/mammon,Python
11914939,1,lukesampson/scoop-extras,PowerShell
5775917,1,gotwarlost/istanbul,JavaScript
31409916,1,projectatomic/osbs-client,Python
577245,1,gabrielfalcao/lettuce,Python
27790033,1,blaze/odo,Python
34133681,1,PolymerElements/iron-flex-layout,HTML
19989216,1,antlr/antlr4-python3,Python
27530076,1,strongloop/loopback-example-user-management,JavaScript
24993103,1,google/woff2,C++
37291353,1,adobe-photoshop/spaces-design,JavaScript
32271212,1,SmingHub/Sming,HTML
24984705,1,Qabel/qabel-helloworld-module,Java
20300177,1,google/guava,Java
11688522,1,osiam/connector4java-integration-tests,Java
19524397,1,apache/cordova-lib,JavaScript
23332350,1,gridcoin/Gridcoin-Research,C++
27089359,2,dronekit/DroneKit-Android,Java
27051771,1,golang/protobuf,Go
37613710,1,ros2/ros1_bridge,C++
21741875,1,openlayers/ol3-cesium,JavaScript
20894654,1,OCA/product-attribute,Python
35810120,1,FreeFeed/freefeed-lite,JavaScript
16241224,1,jonathanslenders/python-prompt-toolkit,Python
3988087,1,SciRuby/nmatrix,C++
26446298,1,jshint/jshint.github.io,JavaScript
35686677,2,VisTrails/DAT,Python
24031839,2,ipfs/js-ipfs-api,JavaScript
30210846,2,rhinstaller/anaconda,Python
22795312,2,numenta/htm.java,Java
6404963,2,blaze/blaze,Python
599695,1,kangax/compat-table,HTML
6804324,2,yeoman/generator-angular,JavaScript
2796081,1,DataDog/chef-datadog,Ruby
6899875,1,opf/openproject,Ruby
31923165,1,joelpx/reverse,Python
30678362,1,mapbox/mapbox-gl-function,JavaScript
30982112,2,PolymerElements/paper-styles,HTML
10040960,1,jclouds/jclouds,Java
29500061,1,openshift/openshift-sdn,Go
7613257,1,SeleniumHQ/selenium,Java
32549018,2,strongloop/strong-runner,JavaScript
587923,1,bundler/bundler-site,HTML
31340566,1,docker/docs-base,HTML
16257813,2,eslint/eslint-tester,JavaScript
6082996,2,couchbase/sync_gateway,Go
29925961,1,CiscoCloud/microservices-infrastructure,Python
14778920,1,zestedesavoir/zds-site,Python
35095498,1,inveniosoftware/cookiecutter-invenio-module,Python
16735401,1,OCHA-DAP/hdx-ckan,Python
7873535,3,daisy/pipeline-scripts-utils,HTML
36960293,4,opencontainers/specs,Go
24924435,1,Homebrew/homebrew-services,Ruby
2788503,2,webdetails/cdf,JavaScript
2351609,3,crowbar/barclamp-provisioner,Ruby
27311720,3,Vauxoo/addons-vauxoo,Python
3720868,3,tas50/nagios,Ruby
9393759,1,photonstorm/phaser,JavaScript
36474929,1,taskgraph/bwmf,Go
31596861,2,ligo-cbc/pycbc,Python
20773773,3,bazelbuild/bazel,Java
12912885,1,pyfarm/pyfarm-master,Python
24483721,2,ipfs/webui,JavaScript
19141754,1,etalab/udata,Python
19141770,1,etalab/udata-gouvfr,HTML
37276358,1,cst/cst,JavaScript
4653065,1,spring-projects/spring-integration-extensions,Java
18165661,2,vulcand/vulcand,Go
17273223,1,exercism/xgo,Go
21912119,1,strongloop/strong-control-channel,JavaScript
32787174,3,grommet/grommet,JavaScript
29551018,2,galaxyproject/starforge,Python
14895592,1,twosigma/beaker-notebook,JavaScript
17075030,4,adsabs/bumblebee,JavaScript
27174281,1,andybluntish/ember-cli-imagemin,JavaScript
32405591,1,angular/ts2dart,TypeScript
14252082,1,mcedit/mcedit2,Python
3867127,1,projecthydra/active_fedora,Ruby
28183758,1,simphony/simphony-openfoam,Python
17458040,29,codemix/oriento,JavaScript
19031487,1,orientechnologies/orientjs,JavaScript
35529429,1,ipfs/go-ipfs-api,Go
16068616,1,ThomasRooney/gexpect,Go
10469184,1,ros-industrial/industrial_core,C++
5239185,1,quilljs/quill,JavaScript
1052675,1,craftyjs/Crafty,JavaScript
326688,1,janl/mustache.js,JavaScript
9467421,1,almende/vis,JavaScript
5905330,1,greensock/GreenSock-JS,JavaScript
669174,1,DataTables/DataTables,JavaScript
2310615,1,davatron5000/FitVids.js,HTML
18611173,1,julianshapiro/velocity,JavaScript
4924151,1,ExactTarget/fuelux,JavaScript
15428480,1,almasaeed2010/AdminLTE,HTML
14241623,2,ros2/design,JavaScript
34104801,1,Axelrod-Python/DjAxelrod,Python
8594752,2,tgriesser/bookshelf,JavaScript
29677079,55,Crowducate/crowducate-next,JavaScript
17956128,1,Crowducate/crowducate-platform,JavaScript
24163710,1,yahoo/intl-relativeformat,JavaScript
33585061,1,geelen/jspm-server,JavaScript
4079740,1,nodeca/mincer,JavaScript
17372733,2,swagger-api/swagger-spec,JavaScript
22447892,1,adamhajari/spyre,Python
12970971,1,webrtc/samples,JavaScript
392785,1,plataformatec/responders,Ruby
36328728,1,secretrobotron/webmaker-launch,HTML
10557109,1,Parallels/vagrant-parallels,Ruby
32475058,1,mozilla/id.webmaker.org,JavaScript
3089420,2,tedeh/jayson,JavaScript
21849349,1,AtlasOfLivingAustralia/regions,JavaScript
28183683,2,simphony/simphony-numerrin,Python
1210071,1,DataDog/dd-agent,Python
24947768,1,KhaosT/HAP-NodeJS,JavaScript
9994688,1,lukesampson/scoop,PowerShell
7223566,1,thlorenz/browserify-shim,JavaScript
21088356,1,Hacker0x01/react-datepicker,JavaScript
15186239,1,sindresorhus/globals,JavaScript
5715599,1,bem/project-stub,JavaScript
764708,1,wildfly/wildfly,Java
